"dataset","well"
"220929_MIP100_395_3963_20220929_174427_697_H09_Amplitude","H09"
"230112_MIP113AO_TA421-7_pl03_20230112_132202_828_H03_Amplitude","H03"
"221004_MIP-095_TRT47_TA386_20221005_085757_238_F11_Amplitude","F11"
"220905_MIP-094_TRT20_TA381_20220905_162514_028_D01_Amplitude","D01"
"230210_MIP093_TRT53_TA378_20230210_063852_538_D04_Amplitude","D04"
"230308_MIP-091_TRT27_TA472_20230308_152851_399_F11_Amplitude","F11"
"220704_MIP-90_TRT63_TA367_20220704_150258_016_B09_Amplitude","B09"
"220628_MIP89_trt61_363_20220628_174507_589_B06_Amplitude","B06"
"220630_MIP088AN_AN02_TA342-7_20220630_131006_932_A05_Amplitude","A05"
"220621_MIP087-14p_TA357-359_20220621_143802_982_A01_Amplitude","A01"
"220608_MIP-086-CQ_TRT50_TA336_D08_Amplitude","D08"
"220531_MIP-085_TRT23_TA333__A04_Amplitude","A04"
"220520_TRT19_TA330__G04_Amplitude","G04"
"220728_MIP-083-VF_TRT47_TA325_20220728_081450_255_H03_Amplitude","H03"
"220531_MIP-082-MC_TRT76_TA341_C08_Amplitude","C08"
"MIP067_seq3-10_314_323_E03_Amplitude","E03"
"220512_MIP-078-OS_TRT54_TA310_E12_Amplitude","E12"
"220303_MIP-076-PS_TRT43_TA304_B03_Amplitude","B03"
"220324_TRT50_TA299_G09_Amplitude","G09"
"220427-MIP073CQ_TRT93_TA296_dd_G12_Amplitude","G12"
"220331_MIP-072_CQ_TRT23_TA293_B07_Amplitude","B07"
"220125_TRT20_TA287_C10_Amplitude","C10"
"220215_MIP069_TRT19_TA284_A08_Amplitude","A08"
"220119_MIP-068-PS_TRT44_TA280_F01_Amplitude","F01"
"220408_MIP-067_FF28_TA274_D11_Amplitude","D11"
"220104_MIP-064_TRT63_TA253_D03_Amplitude","D03"
"211116_TRT63_TA250_H11_Amplitude","H11"
"220121_MIP-062-MC_TRT76_TA246_H02_Amplitude","H02"
"220113_TRT76_TA241_A09_Amplitude","A09"
"211007_TRT42_TA237_E04_Amplitude","E04"
"220309_MIP059_TRT42_TA231s__C05_Amplitude","C05"
"211001_TRT65_TA223_D08_Amplitude","D08"
"210913_TAS51_TA222__B03_Amplitude","B03"
"210819_MIP-056_TAS1_TRT219_A01_Amplitude","A01"
"210826_TRT5+7_TA218_A08_Amplitude","A08"
"210803_MIP054_TRT53_TA217_G09_Amplitude","G09"
"210525_TRT25+26_TA212_B01_Amplitude","B01"
"210721_TRT61_TA209_A01_Amplitude","A01"
"210809_MIP-051_TRT63_TA208c_G01_Amplitude","G01"
"210601_TRT19_TA205_2.half_H04_Amplitude","H04"
"210531_TRT19_TA199_H02_Amplitude","H02"
"210629_MIP048_TRT51_TA193_E07_Amplitude","E07"
"210317_RF15_TA189_F12_Amplitude","F12"
"210316_TRT2+3_TA183_A10_Amplitude","A10"
"210308_Rescreen of candidates_TA178_TA180_TA175_G01_Amplitude","G01"
"210218_TRT25_TRT26_TA175_D05_Amplitude","D05"
"210802_MIP-043_TRT63_TA171_C08_Amplitude","C08"
"210212_TRT25-26pooled_TA170_B02_Amplitude","B02"
"210216_TRT25+26pooled_TRT168_B09_Amplitude","B09"
"210902_TRT60_TA164+1_D12_Amplitude","D12"
"210106_ARM3-TRT158_D09_Amplitude","D09"
"210810_TRT60_TRT141+1_C06_Amplitude","C06"
"201015_TRT25_TRT138_D06_Amplitude","D06"
"201027_TRT25_TRT127_D06_Amplitude","D06"
"201001_TRT20_TRT118_C05_Amplitude","C05"
"210521_TRT37_TRT105_E07_Amplitude","E07"
"200306_TRT23_TRT095_C08_Amplitude","C08"
"220519_MIP_22_088_TRT50__20220518_144839_988_F02_Amplitude","F02"
"200226_TRT23_TRT081_G11_Amplitude","G11"
"200212_TRT13_TRT074_A01_Amplitude","A01"
"200319_TRT2_TRT073_E06_Amplitude","E06"
"200130_TRT13_TRT054_(BR_C11_Amplitude","C11"
"200122_TRT13_TRT032_F1 R1_A08_Amplitude","A08"
"210121_TRT13_TRT008_(F1-R1)_G06_Amplitude","G06"
"Rapeseed TRT13_TRT005 Aug2019_E10_Amplitude","E10"
"200309_TRT17_TRT003_BR_D10_Amplitude","D10"
