feature,importance
y_min_ch1,0.5403514288292992
y_max_ch1,0.24549347820076614
ch1_std,0.04501171207910004
x_max_ch2,0.037898284143200144
ch1_cv,0.018607327352863696
x_min_ch2,0.01784521736476782
n_droplets,0.0127422041276915
ch1_log_std,0.009377328312810514
amplitude_range_MUT,0.009194208927053556
ch1_kurt,0.00778144617154358
ch1_iqr,0.007709187074717047
amplitude_range_WT,0.006732747181674424
ch1_skew,0.0062481332134842835
ch1_log_skew,0.005045707813921431
ch2_skew,0.0037520026119337454
ch2_log_skew,0.003396187348727439
ch2_log_std,0.003324824995948202
ch1_outlier_frac,0.0030151788067355094
ch2_bimodality,0.002776656394040769
ch2_std,0.0026163926851620126
ch1_ch2_corr,0.002521669979995226
ch2_cv,0.0024130307598256356
ch2_iqr,0.001995298797494255
ch1_bimodality,0.0017832546059008366
ch2_kurt,0.0011881538752222258
ch2_outlier_frac,0.0005343684472869383
ch2_kde_peaks,0.000380784516838996
ch1_kde_peaks,0.0002637853819947285
